{
  "models": [
    {
      "name": "default",
      "stats": {
        "epochs": 5,
        "train acc": 96.26436781609196,
        "train loss": 0.13520964175801387,
        "val acc ": 94.46808510638299,
        "val loss": 0.209559370453159
      }
    }
  ]
}