{
  "models": [
    {
      "name": "default",
      "stats": {
        "epochs": 20,
        "train acc": 98.61814831874712,
        "train loss": 0.03854458340827156,
        "val acc ": 92.34972677595628,
        "val loss": 0.4023408475849364
      }
    },
    {
      "name": "on_tabita_dataset",
      "stats": {
        "epochs": 20,
        "train acc": 98.56665074056379,
        "train loss": 0.04232803691235004,
        "val acc ": 94.17293233082707,
        "val loss": 0.24801010369426674
      }
    },
    {
      "name": "on_merged_dataset",
      "stats": {
        "epochs": 2,
        "train acc": 