{
  "models": [
    {
      "name": "default",
      "stats": {
        "epochs": 5,
        "train acc": 93.77358490566039,
        "train loss": 0.01158833384513855,
        "val acc ": 87.99019607843137,
        "val loss": 0.4593749599797385
      }
    },
    {
      "name": "test",
      "stats": {
        "epochs": 5,
        "train acc": 96.85534591194968,
        "train loss": 0.005689712762832641,
        "val acc ": 92.8921568627451,
        "val loss": 0.24312900645392282
      }
    }
  ]
}