{"model": "default", "epochs": 5, "train acc": 98.0503144654088, "train loss": 0.0038366129994392394, "val acc ": 94.36274509803921, "val loss": 0.25339480276618687}